Séquentiel,"Lorsque vous ne trouvez pas des informations sur Vikidia, où allez-vous en priorité ?",alternatives,Petites catégories,Grandes catégories,Grandes catégories
2,Sans wikipédia,wikipedia,wikipédia,ressources numériques,ressources numériques
3,Sur Wikipédia,wikipedia,wikipédia,ressources numériques,ressources numériques
4,Wikipédia,wikipedia,wikipédia,ressources numériques,ressources numériques
5,Wikipédia,wikipedia,wikipédia,ressources numériques,ressources numériques
7,Wikipedia,wikipedia,wikipédia,ressources numériques,ressources numériques
8,Dicoado.org,dicoado.org,dicoado,ressources en ligne,ressources numériques
9,Wikipedia,wikipedia,wikipédia,ressources numériques,ressources numériques
10,Wikipédia,wikipedia,wikipédia,ressources numériques,ressources numériques
11,Wikipedia et les livres,wikipedia,wikipédia,ressources numériques,ressources numériques
11,Wikipedia et les livres,livres,livres,ressources papier,ressources physiques
12,Wikipédia,wikipedia,wikipédia,ressources numériques,ressources numériques
13,Sur Wikipédia,wikipedia,wikipédia,ressources numériques,ressources numériques
14,Je vais sur Wikipédia.,wikipedia,wikipédia,ressources numériques,ressources numériques
15,"D'autres wikis (wikipédia, wiktionnaire, etc.)",wikis,wiktionnaire wikipédia,,ressources numériques
16,wikipedia,wikipedia,wikipédia,ressources numériques,ressources numériques
18,Wikipédia,wikipedia,wikipédia,ressources numériques,ressources numériques
19,Google,google,moteur de recherche,ressources en ligne,ressources numériques
20,Wikipédia,wikipedia,wikipédia,ressources numériques,ressources numériques
21,"Wikipédia, puis les sources de Wikipédia.",wikipedia,wikipédia,ressources numériques,ressources numériques
22,Sur Wikipédia,wikipedia,wikipédia,ressources numériques,ressources numériques
23,Sur Wikipédia,wikipedia,wikipédia,ressources numériques,ressources numériques
24,Wikipedia,wikipedia,wikipédia,ressources numériques,ressources numériques
25,Sur wikipédia,wikipedia,wikipédia,ressources numériques,ressources numériques
26,Wikipedia,wikipedia,wikipédia,ressources numériques,ressources numériques
27,"sur des sites """"spécialisé"""" (pas exempla, si je cherche une info sur Paris, je vais chercher sur un site """"spécialisé"""" sur Paris), sur Wikimini ou dans le pire des cas sur Wikipédia",wikimini,wikimini,ressources en ligne,ressources numériques
28,Je regarde si l infos est dites sur d autre site,autre,autres sites web,ressources en ligne,ressources numériques
29,Wikipedia,wikipedia,wikipédia,ressources numériques,ressources numériques
30,Dans des livres ou je recherche sur internet,livres,livres,ressources papier,ressources physiques
30,Dans des livres ou je recherche sur internet,internet,autres sites web,ressources en ligne,ressources numériques
31,Wikipedia,wikipedia,wikipédia,ressources numériques,ressources numériques
32,Wikipédia ou Google,wikipedia,wikipédia,ressources numériques,ressources numériques
32,Wikipédia ou Google,google,moteur de recherche,ressources en ligne,ressources numériques
34,Wikipedia,wikipedia,wikipédia,ressources numériques,ressources numériques
35,Wikipedia,wikipedia,wikipédia,ressources numériques,ressources numériques
36,Wikipédia,wikipedia,wikipédia,ressources numériques,ressources numériques
37,Sur Wikipédia,wikipedia,wikipédia,ressources numériques,ressources numériques
38,Internet,internet,autres sites web,ressources en ligne,ressources numériques
39,"Wikipédia, documentation en ligne (programmation), recherche Google",wikipedia,wikipédia,ressources numériques,ressources numériques
39,"Wikipédia, documentation en ligne (programmation), recherche Google",google,moteur de recherche,ressources en ligne,ressources numériques
40,Wikipédia,wikipedia,wikipédia,ressources numériques,ressources numériques
41,Mon dictionnaire,dictionnaire,dictionnaire ou encyclopédie,ressources papier,ressources physiques
42,wikimini,wikimini,wikimini,ressources en ligne,ressources numériques
44,Wikipédia,wikipedia,wikipédia,ressources numériques,ressources numériques
45,Je retourne sur Wikipedia,wikipedia,wikipédia,ressources numériques,ressources numériques
46,Wikipedia,wikipedia,wikipédia,ressources numériques,ressources numériques
47,Wikipedia,wikipedia,wikipédia,ressources numériques,ressources numériques
48,Je cherche simplement au gré de ce que me propose internet,internet,moteur de recherche,ressources en ligne,ressources numériques
49,"Wikipédia, Dicoado, Wiktionnaire",wikipedia,wikipédia,ressources numériques,ressources numériques
50,Wikipédia,wikipedia,wikipédia,ressources numériques,ressources numériques
51,Internet,internet,autres sites web,ressources en ligne,ressources numériques
52,Sur le net,net,autres sites web,ressources en ligne,ressources numériques
54,Wikipedia,wikipedia,wikipédia,ressources numériques,ressources numériques
55,wikipédia,wikipedia,wikipédia,ressources numériques,ressources numériques
57,Wikipedia (En anglais),wikipedia,wikipédia,ressources numériques,ressources numériques
60,Wikipedia,wikipedia,wikipédia,ressources numériques,ressources numériques
61,Google,google,moteur de recherche,ressources en ligne,ressources numériques
62,wikipédia,wikipedia,wikipédia,ressources numériques,ressources numériques
64,Wikipédia,wikipedia,wikipédia,ressources numériques,ressources numériques
66,Wikipédia,wikipedia,wikipédia,ressources numériques,ressources numériques
67,Wikipedia,wikipedia,wikipédia,ressources numériques,ressources numériques
68,Wikipedia,wikipedia,wikipédia,ressources numériques,ressources numériques
70,Retour sur le moteur de recherche,moteur de recherche,moteur de recherche,ressources en ligne,ressources numériques
72,Wikipédia,wikipedia,wikipédia,ressources numériques,ressources numériques
73,Wikipedia,wikipedia,wikipédia,ressources numériques,ressources numériques
74,"wikipédia, autres encyclopédies",wikipedia,wikipédia,ressources numériques,ressources numériques
74,"wikipédia, autres encyclopédies",autre,autres sites web,,ressources numériques
75,google,google,moteur de recherche,ressources en ligne,ressources numériques
76,Wikipedia,wikipedia,wikipédia,ressources numériques,ressources numériques
77,Wikipédia,wikipedia,wikipédia,ressources numériques,ressources numériques
78,Wikipedia,wikipedia,wikipédia,ressources numériques,ressources numériques
79,wikipedia,wikipedia,wikipédia,ressources numériques,ressources numériques
80,Wikipédia ou Treccani,wikipedia,wikipédia,ressources numériques,ressources numériques
81,sur Google,google,moteur de recherche,ressources en ligne,ressources numériques
82,wikipedia,wikipedia,wikipédia,ressources numériques,ressources numériques
83,Wikipédia ou autres sites spécialisés,wikipedia,wikipédia,ressources numériques,ressources numériques
83,Wikipédia ou autres sites spécialisés,autre,autres sites web,,ressources numériques
84,Wikipédia,wikipedia,wikipédia,ressources numériques,ressources numériques
86,wikipédia,wikipedia,wikipédia,ressources numériques,ressources numériques
87,Wikipédia,wikipedia,wikipédia,ressources numériques,ressources numériques
88,Wikipédia,wikipedia,wikipédia,ressources numériques,ressources numériques
89,wikipedia,wikipedia,wikipédia,ressources numériques,ressources numériques
90,Wikipedia ou autres sites,wikipedia,wikipédia,ressources numériques,ressources numériques
90,Wikipedia ou autres sites,autre,autres sites web,,ressources numériques
91,WIKIPEDIA,wikipedia,wikipédia,ressources numériques,ressources numériques
92,Google,google,moteur de recherche,ressources en ligne,ressources numériques
93,Wikipedia,wikipedia,wikipédia,ressources numériques,ressources numériques
94,Google,google,moteur de recherche,ressources en ligne,ressources numériques
95,Wikipedia,wikipedia,wikipédia,ressources numériques,ressources numériques
96,wikipedia,wikipedia,wikipédia,ressources numériques,ressources numériques
97,sur d'autres sites internet ou dans des manuels,autre,autres sites web,,ressources numériques
97,sur d'autres sites internet ou dans des manuels,manuels scolaires,matériel scolaire,ressources en ligne,ressources physiques
98,Wikipedia,wikipedia,wikipédia,ressources numériques,ressources numériques
99,wikipédia,wikipedia,wikipédia,ressources numériques,ressources numériques
100,wikipedia,wikipedia,wikipédia,ressources numériques,ressources numériques
101,Wikipedia,wikipedia,wikipédia,ressources numériques,ressources numériques
102,Sur google,google,moteur de recherche,ressources en ligne,ressources numériques
103,Wikipedia,wikipedia,wikipédia,ressources numériques,ressources numériques
104,Wikimini ou Wikipedia,wikimini,wikimini,ressources en ligne,ressources numériques
104,Wikimini ou Wikipedia,wikipedia,wikipédia,ressources numériques,ressources numériques
105,"Sur Wikipédia, généralement.",wikipedia,wikipédia,ressources numériques,ressources numériques
106,google,google,moteur de recherche,ressources en ligne,ressources numériques
107,je cherche sur google d'autres sites,google,moteur de recherche,ressources en ligne,ressources numériques
107,je cherche sur google d'autres sites,autre,autres sites web,,ressources numériques
108,Google,google,moteur de recherche,ressources en ligne,ressources numériques
109,A la bibliothèque,bibliotheque,livres,ressources papier,ressources physiques
110,Wikipédia,wikipedia,wikipédia,ressources numériques,ressources numériques
111,"Wikipédia, doctissimo et un peu partout sur internet",wikipedia,wikipédia,ressources numériques,ressources numériques
111,"Wikipédia, doctissimo et un peu partout sur internet",internet,autres sites web,ressources en ligne,ressources numériques
112,Wikipedia,wikipedia,wikipédia,ressources numériques,ressources numériques
113,Wikipédia,wikipedia,wikipédia,ressources numériques,ressources numériques
114,Google,google,moteur de recherche,ressources en ligne,ressources numériques
115,Wikipedia,wikipedia,wikipédia,ressources numériques,ressources numériques
116,wikipédia,wikipedia,wikipédia,ressources numériques,ressources numériques
117,Wikipedia,wikipedia,wikipédia,ressources numériques,ressources numériques
119,wikipédia,wikipedia,wikipédia,ressources numériques,ressources numériques
121,Wikipédia et autres,wikipedia,wikipédia,ressources numériques,ressources numériques
121,Wikipédia et autres,autre,autres sites web,,ressources numériques
122,Wikipédia,wikipedia,wikipédia,ressources numériques,ressources numériques
123,Sur d'autre site web en priorite sur Wikipedia,autre,autres sites web,,ressources numériques
123,Sur d'autre site web en priorite sur Wikipedia,wikipedia,wikipédia,ressources numériques,ressources numériques
124,"Sur d'autres sites, surtout reconnus",autre,autres sites web,,ressources numériques
125,Wikipedia mais cela dépend de ma recherche,wikipedia,wikipédia,ressources numériques,ressources numériques
126,Wikipedia,wikipedia,wikipédia,ressources numériques,ressources numériques
128,Sur un dictionnaire papier,dictionnaire,dictionnaire ou encyclopédie,ressources papier,ressources physiques
129,Je cherche sur google et je trouve,google,moteur de recherche,ressources en ligne,ressources numériques
130,Wikipedia,wikipedia,wikipédia,ressources numériques,ressources numériques
133,Wikipédia,wikipedia,wikipédia,ressources numériques,ressources numériques
135,Wikipédia,wikipedia,wikipédia,ressources numériques,ressources numériques
136,Wikipedia,wikipedia,wikipédia,ressources numériques,ressources numériques
137,Wikipédia.,wikipedia,wikipédia,ressources numériques,ressources numériques
138,"Wikipédia, autres...",wikipedia,wikipédia,ressources numériques,ressources numériques
138,"Wikipédia, autres...",autre,autres sites web,ressources en ligne,ressources numériques
140,Wikipédia,wikipedia,wikipédia,ressources numériques,ressources numériques
141,Wikipedia,wikipedia,wikipédia,ressources numériques,ressources numériques
142,wikipédia,wikipedia,wikipédia,ressources numériques,ressources numériques
144,Wikipedia ou des sites spécialisés,wikipedia,wikipédia,ressources numériques,ressources numériques
145,Sur Wikipédia.,wikipedia,wikipédia,ressources numériques,ressources numériques
146,Sur wikipédia,wikipedia,wikipédia,ressources numériques,ressources numériques
149,Wikipedia,wikipedia,wikipédia,ressources numériques,ressources numériques
150,ecosia,ecosia,moteur de recherche,ressources en ligne,ressources numériques
151,Wikipedia,wikipedia,wikipédia,ressources numériques,ressources numériques
152,Wikipedia,wikipedia,wikipédia,ressources numériques,ressources numériques
153,dans les livres d'éducation,livres,livres,ressources papier,ressources physiques
154,Sur Wikipedia,wikipedia,wikipédia,ressources numériques,ressources numériques
156,Wikipedia,wikipedia,wikipédia,ressources numériques,ressources numériques
158,Wikipedia,wikipedia,wikipédia,ressources numériques,ressources numériques
159,Sur le net,net,autres sites web,ressources en ligne,ressources numériques
160,Wikipedia,wikipedia,wikipédia,ressources numériques,ressources numériques
161,Des recherches sur Google,google,moteur de recherche,ressources en ligne,ressources numériques
162,Wikipédia,wikipedia,wikipédia,ressources numériques,ressources numériques
163,internet,internet,autres sites web,ressources en ligne,ressources numériques
164,sur le net,net,autres sites web,ressources en ligne,ressources numériques
165,Wikipedia,wikipedia,wikipédia,ressources numériques,ressources numériques
166,Wikipédia,wikipedia,wikipédia,ressources numériques,ressources numériques
167,sur wikipedia,wikipedia,wikipédia,ressources numériques,ressources numériques
168,Dans les livres,livres,livres,ressources papier,ressources physiques
171,sur Wikipédia je ne connais pas la différence avec vikidia???,wikipedia,wikipédia,ressources numériques,ressources numériques
174,Wikipédia,wikipedia,wikipédia,ressources numériques,ressources numériques
176,Wikipedia,wikipedia,wikipédia,ressources numériques,ressources numériques
178,Wikipedia est le moteur de recherche de départ,wikipédia,wikipédia,ressources en ligne,ressources numériques
179,"Wikipédia ou Wikipedia - je suis australienne, tutrice d'enfants anglophones qui apprennent le français.",wikipedia,wikipédia,ressources numériques,ressources numériques
180,Wikipedia,wikipedia,wikipédia,ressources numériques,ressources numériques
181,Wikipédia / Google.,wikipedia,wikipédia,ressources numériques,ressources numériques
181,Wikipédia / Google.,google,moteur de recherche,ressources en ligne,ressources numériques
182,wikimini,wikimini,wikimini,ressources en ligne,ressources numériques
183,Wikipedia,wikipedia,wikipédia,ressources numériques,ressources numériques
185,Je regarde dans des livres,livres,livres,ressources papier,ressources physiques
186,Je regarde dans des livres,livres,livres,ressources papier,ressources physiques
187,Wikipédia,wikipedia,wikipédia,ressources numériques,ressources numériques
189,wikipedia,wikipedia,wikipédia,ressources numériques,ressources numériques
190,youtube,youtube,youtube,ressources en ligne,ressources numériques
191,Recherche Google,google,moteur de recherche,ressources en ligne,ressources numériques
192,"Wikipedia, Wiktionary",wikipedia,wikipédia,ressources numériques,ressources numériques
195,Wikipédia,wikipedia,wikipédia,ressources numériques,ressources numériques
196,Wikipedia,wikipedia,wikipédia,ressources numériques,ressources numériques
197,Sur d'autres sites internet entre autres wikipédia,internet,autres sites web,ressources en ligne,ressources numériques
197,Sur d'autres sites internet entre autres wikipédia,wikipedia,wikipédia,ressources numériques,ressources numériques
198,wikipedia,wikipedia,wikipédia,ressources numériques,ressources numériques
199,wikipedia,wikipedia,wikipédia,ressources numériques,ressources numériques
201,Wikipedia / Google,wikipedia,wikipédia,ressources numériques,ressources numériques
201,Wikipedia / Google,google,moteur de recherche,ressources en ligne,ressources numériques
202,wikimini,wikimini,wikimini,ressources en ligne,ressources numériques
204,Sur Wikimini,wikimini,wikimini,ressources en ligne,ressources numériques
205,Wikipedia,wikipedia,wikipédia,ressources numériques,ressources numériques
206,Dictionnaire,dictionnaire,dictionnaire ou encyclopédie,ressources papier,ressources physiques
208,Sur des sites de soutien scolaire ou Wikipedia,wikipedia,wikipédia,ressources numériques,ressources numériques
210,Wikipédia,wikipedia,wikipédia,ressources numériques,ressources numériques
211,Wikipédia,wikipedia,wikipédia,ressources numériques,ressources numériques
213,wikipedia ou un site grace aux liens externes à la fin des articles,wikipedia,wikipédia,ressources numériques,ressources numériques
214,wikipedia,wikipedia,wikipédia,ressources numériques,ressources numériques
215,Wikipedia,wikipedia,wikipédia,ressources numériques,ressources numériques
216,le moteur de recherche Google,moteur de recherche,moteur de recherche,ressources en ligne,ressources numériques
216,le moteur de recherche Google,google,moteur de recherche,ressources en ligne,ressources numériques
217,Wikipédia,wikipedia,wikipédia,ressources numériques,ressources numériques
218,"Youtube,Wikipédia",youtube,youtube,ressources en ligne,ressources numériques
218,"Youtube,Wikipédia",wikipedia,wikipédia,ressources numériques,ressources numériques
219,Sur kikourou,kikourou,autres sites web,,ressources numériques
220,Wiki ou n’importe quel autre site,autre,wiki,,ressources numériques
220,Wiki ou n’importe quel autre site,autre,autres sites web,,ressources numériques
221,Wikipédia,wikipedia,wikipédia,ressources numériques,ressources numériques
222,Wikipédia,wikipedia,wikipédia,ressources numériques,ressources numériques
223,Wikipedia,wikipedia,wikipédia,ressources numériques,ressources numériques
224,Wikipédia,wikipedia,wikipédia,ressources numériques,ressources numériques
225,d'autres sites scientifiques,autre,autres sites web,ressources en ligne,ressources numériques
226,Google,google,moteur de recherche,ressources en ligne,ressources numériques
227,Sur Wikipédia,wikipedia,wikipédia,ressources numériques,ressources numériques
228,Au bibliothèque pour rechercher,bibliotheque,livres,ressources papier,ressources physiques
229,Google,google,moteur de recherche,ressources en ligne,ressources numériques
230,Wikipedia,wikipedia,wikipédia,ressources numériques,ressources numériques
231,wikipedia,wikipedia,wikipédia,ressources numériques,ressources numériques
232,Wikipédia,wikipedia,wikipédia,ressources numériques,ressources numériques
233,Encyclopédie en ligne - Wikipedia / Larousse …,encyclopedie,dictionnaire ou encyclopédie,ressources en ligne,ressources numériques
233,Encyclopédie en ligne - Wikipedia / Larousse …,wikipedia,wikipédia,ressources numériques,ressources numériques
233,Encyclopédie en ligne - Wikipedia / Larousse …,larousse,Larousse,ressources en ligne,ressources numériques
236,Wikipédia,wikipedia,wikipédia,ressources numériques,ressources numériques
237,Wikipedia,wikipedia,wikipédia,ressources numériques,ressources numériques
238,Wikipedia,wikipedia,wikipédia,ressources numériques,ressources numériques
239,Wikipédia,wikipedia,wikipédia,ressources numériques,ressources numériques
240,Sur Wikipédia,wikipedia,wikipédia,ressources numériques,ressources numériques
241,Wikipedia,wikipedia,wikipédia,ressources numériques,ressources numériques
242,Wikipédia,wikipedia,wikipédia,ressources numériques,ressources numériques
245,Wikipédia,wikipedia,wikipédia,ressources numériques,ressources numériques
246,Wikipedia,wikipedia,wikipédia,ressources numériques,ressources numériques
247,Google,google,moteur de recherche,ressources en ligne,ressources numériques
248,Wikipedia,wikipedia,wikipédia,ressources numériques,ressources numériques
249,Autre site,autre,autres sites web,ressources en ligne,ressources numériques
250,"Wikipedia, le Monde...",wikipedia,wikipédia,ressources numériques,ressources numériques
252,Wikipédia,wikipedia,wikipédia,ressources numériques,ressources numériques
253,Wikipédia,wikipedia,wikipédia,ressources numériques,ressources numériques
254,wikipédia,wikipedia,wikipédia,ressources numériques,ressources numériques
255,Google,google,moteur de recherche,ressources en ligne,ressources numériques
256,wikipedia,wikipedia,wikipédia,ressources numériques,ressources numériques
257,Dans le dictionnaire,dictionnaire,dictionnaire ou encyclopédie,ressources papier,ressources physiques
258,Wikipedia,wikipedia,wikipédia,ressources numériques,ressources numériques
259,Wikipedia,wikipedia,wikipédia,ressources numériques,ressources numériques
261,"Sur Wikipedia direct ou sur d'autres sites, puis je mets ces infos sur Vikidia si g le temps",wikipedia,wikipédia,ressources numériques,ressources numériques
261,"Sur Wikipedia direct ou sur d'autres sites, puis je mets ces infos sur Vikidia si g le temps",autre,autres sites web,,ressources numériques
262,Wikipédia,wikipedia,wikipédia,ressources numériques,ressources numériques
263,Sur Google,google,moteur de recherche,ressources en ligne,ressources numériques
264,Wikipedia,wikipedia,wikipédia,ressources numériques,ressources numériques
265,wikimini,wikimini,wikimini,ressources en ligne,ressources numériques
266,Wikipedia,wikipedia,wikipédia,ressources numériques,ressources numériques
267,Google,google,moteur de recherche,ressources en ligne,ressources numériques
268,Google,google,moteur de recherche,ressources en ligne,ressources numériques
271,Wikipedia,wikipedia,wikipédia,ressources numériques,ressources numériques
272,sur les fandom,fandom,fandom,ressources en ligne,ressources numériques
273,Wikipédia,wikipedia,wikipédia,ressources numériques,ressources numériques
274,J'essaye de trouver d'autres sites sur internet.,autre,autres sites web,ressources en ligne,ressources numériques
275,Wikipedia,wikipedia,wikipédia,ressources numériques,ressources numériques
276,Wikipedia,wikipedia,wikipédia,ressources numériques,ressources numériques
277,Wikipédia,wikipedia,wikipédia,ressources numériques,ressources numériques
278,Wikipedia.,wikipedia,wikipédia,ressources numériques,ressources numériques
279,wikipedia,wikipedia,wikipédia,ressources numériques,ressources numériques
280,wikipedia,wikipedia,wikipédia,ressources numériques,ressources numériques
281,wikipedia,wikipedia,wikipédia,ressources numériques,ressources numériques
282,Wikipédia,wikipedia,wikipédia,ressources numériques,ressources numériques
283,Wikipédia,wikipedia,wikipédia,ressources numériques,ressources numériques
284,wikipédia,wikipedia,wikipédia,ressources numériques,ressources numériques
286,Sur d'autres sites,autre,autres sites web,ressources en ligne,ressources numériques
287,Wikipedia,wikipedia,wikipédia,ressources numériques,ressources numériques
288,wikipédia,wikipedia,wikipédia,ressources numériques,ressources numériques
289,Wikipédia,wikipedia,wikipédia,ressources numériques,ressources numériques
290,Wikipedia,wikipedia,wikipédia,ressources numériques,ressources numériques
291,Wikipédia,wikipedia,wikipédia,ressources numériques,ressources numériques
292,Wikipedia,wikipedia,wikipédia,ressources numériques,ressources numériques
294,persée,persee,autres sites web,ressources en ligne,ressources numériques
295,Wikipedia,wikipedia,wikipédia,ressources numériques,ressources numériques
297,Selon mon moteur de recherche,moteur de recherche,moteur de recherche,ressources en ligne,ressources numériques
298,Wikipedia,wikipedia,wikipédia,ressources numériques,ressources numériques
299,wikipédia,wikipedia,wikipédia,ressources numériques,ressources numériques
300,Wikipedia ou recherche google,wikipedia,wikipédia,ressources numériques,ressources numériques
300,Wikipedia ou recherche google,google,moteur de recherche,ressources en ligne,ressources numériques
301,Wikipedia,wikipedia,wikipédia,ressources numériques,ressources numériques
302,Wikipedia,wikipedia,wikipédia,ressources numériques,ressources numériques
303,Wikipédia,wikipedia,wikipédia,ressources numériques,ressources numériques
304,Wikipedia,wikipedia,wikipédia,ressources numériques,ressources numériques
305,Dans des Fandom,fandom,fandom,ressources en ligne,ressources numériques
307,"Wikipédia, Google",wikipedia,wikipédia,ressources numériques,ressources numériques
307,"Wikipédia, Google",google,moteur de recherche,ressources en ligne,ressources numériques
308,Wikipedia,wikipedia,wikipédia,ressources numériques,ressources numériques
309,Wikipedia,wikipedia,wikipédia,ressources numériques,ressources numériques
310,Wikipedia,wikipedia,wikipédia,ressources numériques,ressources numériques
311,Internet,internet,autres sites web,ressources en ligne,ressources numériques
312,wikipedia,wikipedia,wikipédia,ressources numériques,ressources numériques
313,Wikipedia ou sites éducatifs,wikipedia,wikipédia,ressources numériques,ressources numériques
314,Wikipedia et Google,wikipedia,wikipédia,ressources numériques,ressources numériques
314,Wikipedia et Google,google,moteur de recherche,ressources en ligne,ressources numériques
315,"je cherche pas principalement sur vikidia, je suis les liens donnés sur google. je vais en priorité sur wikipédia la plupart du temps",google,moteur de recherche,ressources en ligne,ressources numériques
315,"je cherche pas principalement sur vikidia, je suis les liens donnés sur google. je vais en priorité sur wikipédia la plupart du temps",wikipedia,wikipédia,ressources numériques,ressources numériques
316,Wikipedia,wikipedia,wikipédia,ressources numériques,ressources numériques
318,Wikipedia,wikipedia,wikipédia,ressources numériques,ressources numériques
320,Wikipedia,wikipedia,wikipédia,ressources numériques,ressources numériques
321,wikipédia,wikipedia,wikipédia,ressources numériques,ressources numériques
322,"Wikipédia, encyclopédie Larousse.",wikipedia,wikipédia,ressources numériques,ressources numériques
322,"Wikipédia, encyclopédie Larousse.",encyclopedie,autres sites web,ressources en ligne,ressources numériques
322,"Wikipédia, encyclopédie Larousse.",larousse,Larousse,ressources en ligne,ressources numériques
323,Wikipedia,wikipedia,wikipédia,ressources numériques,ressources numériques
324,Wikipedia.,wikipedia,wikipédia,ressources numériques,ressources numériques
325,Wikipédia,wikipedia,wikipédia,ressources numériques,ressources numériques
326,Wikipédia et des sites dédiés à ma recherche spécialisée.,wikipedia,wikipédia,ressources numériques,ressources numériques
327,Wikipedia,wikipedia,wikipédia,ressources numériques,ressources numériques
328,"Wikipédia, son grand-frère.",wikipedia,wikipédia,ressources numériques,ressources numériques
330,WIKIPEDIA,wikipedia,wikipédia,ressources numériques,ressources numériques
331,wikipédia ou des sites spécialisés dans le domaine recherché,wikipedia,wikipédia,ressources numériques,ressources numériques
334,Wikipédia,wikipedia,wikipédia,ressources numériques,ressources numériques
335,je vas rechercher un autre site,autre,autres sites web,ressources en ligne,ressources numériques
336,dans une encyclopédie spécialisée (e.g. Oxford companion).,encyclopedie,dictionnaire ou encyclopédie,ressources papier,ressources physiques
338,wikipedia,wikipedia,wikipédia,ressources numériques,ressources numériques
339,Wikimini ou Wikipedia,wikimini,wikimini,ressources en ligne,ressources numériques
339,Wikimini ou Wikipedia,wikipedia,wikipédia,ressources numériques,ressources numériques
341,Wikipédia,wikipedia,wikipédia,ressources numériques,ressources numériques
342,"Internet et livres de referances, puis croisement d'information pour recoupement.",internet,autres sites web,ressources en ligne,ressources numériques
342,"Internet et livres de referances, puis croisement d'information pour recoupement.",livres,livres,ressources papier,ressources physiques
343,Wikipédia,wikipedia,wikipédia,ressources numériques,ressources numériques
344,Wikipédia,wikipedia,wikipédia,ressources numériques,ressources numériques
345,Wikipedia,wikipedia,wikipédia,ressources numériques,ressources numériques
346,INTERNET,internet,autres sites web,ressources en ligne,ressources numériques
347,Wikipédia,wikipedia,wikipédia,ressources numériques,ressources numériques
348,Sur Wikipédia.,wikipedia,wikipédia,ressources numériques,ressources numériques
349,Sur d'autres sites,autre,autres sites web,ressources en ligne,ressources numériques
350,Wikipedia,wikipedia,wikipédia,ressources numériques,ressources numériques
351,wikipédia,wikipedia,wikipédia,ressources numériques,ressources numériques
352,wikipédia,wikipedia,wikipédia,ressources numériques,ressources numériques
353,wikipédia ou google,wikipedia,wikipédia,ressources numériques,ressources numériques
353,wikipédia ou google,google,moteur de recherche,ressources en ligne,ressources numériques
354,Wikipedia,wikipedia,wikipédia,ressources numériques,ressources numériques
355,Google,google,moteur de recherche,ressources en ligne,ressources numériques
356,internet,internet,autres sites web,ressources en ligne,ressources numériques
357,"wiki, internet, relations",internet,wiki,ressources en ligne,ressources numériques
357,"wiki, internet, relations",internet,autres sites web,ressources en ligne,ressources numériques
357,"wiki, internet, relations",internet,proches,ressources en ligne,ressources humaines
358,wikipedia,wikipedia,wikipédia,ressources numériques,ressources numériques
359,Wikipédia,wikipedia,wikipédia,ressources numériques,ressources numériques
361,dans mon dictionnaire,dictionnaire,dictionnaire ou encyclopédie,ressources en ligne,ressources numériques
362,Google,google,moteur de recherche,ressources en ligne,ressources numériques
366,google,google,moteur de recherche,ressources en ligne,ressources numériques
367,Wikipédia,wikipedia,wikipédia,ressources numériques,ressources numériques
368,Wikipédia,wikipedia,wikipédia,ressources numériques,ressources numériques
370,Sur Wikipédia,wikipedia,wikipédia,ressources numériques,ressources numériques
371,Wikipédia,wikipedia,wikipédia,ressources numériques,ressources numériques
372,je navigue sur internet,internet,autres sites web,ressources en ligne,ressources numériques
373,wikipedia,wikipedia,wikipédia,ressources numériques,ressources numériques
375,wikipédia,wikipedia,wikipédia,ressources numériques,ressources numériques
377,Wikipedia,wikipedia,wikipédia,ressources numériques,ressources numériques
378,sur un autre site,autre,autres sites web,ressources en ligne,ressources numériques
382,Wikipédia ou sur d'autres sites,wikipedia,wikipédia,ressources numériques,ressources numériques
382,Wikipédia ou sur d'autres sites,autre,autres sites web,ressources en ligne,ressources numériques
383,Sur Wikipédia,wikipedia,wikipédia,ressources numériques,ressources numériques
384,Wikipedia,wikipedia,wikipédia,ressources numériques,ressources numériques
385,Larousse,larousse,Larousse,,ressources numériques
386,sur wikipedia et je cree la page manquante,wikipedia,wikipédia,ressources numériques,ressources numériques
388,Wikipédia,wikipedia,wikipédia,ressources numériques,ressources numériques
389,Sur Wikipédia,wikipedia,wikipédia,ressources numériques,ressources numériques
391,su Wikipedia,wikipedia,wikipédia,ressources numériques,ressources numériques
392,sur Wikipédia,wikipedia,wikipédia,ressources numériques,ressources numériques
394,wikipédia,wikipedia,wikipédia,ressources numériques,ressources numériques
396,google wikipédia ou autre site,google,moteur de recherche,ressources en ligne,ressources numériques
396,google wikipédia ou autre site,wikipedia,wikipédia,ressources numériques,ressources numériques
396,google wikipédia ou autre site,autre,autres sites web,ressources en ligne,ressources numériques
397,wikipédia,wikipedia,wikipédia,ressources numériques,ressources numériques
400,wikipedia,wikipedia,wikipédia,ressources numériques,ressources numériques
401,Wikipedia,wikipedia,wikipédia,ressources numériques,ressources numériques
402,Wikipedia,wikipedia,wikipédia,ressources numériques,ressources numériques
403,Wikipédia,wikipedia,wikipédia,ressources numériques,ressources numériques
404,wikipedia,wikipedia,wikipédia,ressources numériques,ressources numériques
405,sur wikipédia,wikipedia,wikipédia,ressources numériques,ressources numériques
406,Wikipedia,wikipedia,wikipédia,ressources numériques,ressources numériques
407,Wikipédia ou internet,wikipedia,wikipédia,ressources numériques,ressources numériques
407,Wikipédia ou internet,internet,autres sites web,ressources en ligne,ressources numériques
408,Wikipedia,wikipedia,wikipédia,ressources numériques,ressources numériques
410,wikipedia,wikipedia,wikipédia,ressources numériques,ressources numériques
411,Wikipédia,wikipedia,wikipédia,ressources numériques,ressources numériques
412,sur wikipédia,wikipedia,wikipédia,ressources numériques,ressources numériques
413,Wikipedia,wikipedia,wikipédia,ressources numériques,ressources numériques
414,Sur internet,internet,autres sites web,ressources en ligne,ressources numériques
415,Wikipédia,wikipedia,wikipédia,ressources numériques,ressources numériques
416,Wikipedia,wikipedia,wikipédia,ressources numériques,ressources numériques
417,Wikipedia,wikipedia,wikipédia,ressources numériques,ressources numériques
418,sur wikipedia,wikipedia,wikipédia,ressources numériques,ressources numériques
419,WIkipédia,wikipedia,wikipédia,ressources numériques,ressources numériques
421,wikipedia,wikipedia,wikipédia,ressources numériques,ressources numériques
422,wikipedia,wikipedia,wikipédia,ressources numériques,ressources numériques
423,sur d'autre site mais aucun en particularité,autre,autres sites web,ressources en ligne,ressources numériques
424,larousse,larousse,Larousse,,ressources numériques
425,Wikipedia,wikipedia,wikipédia,ressources numériques,ressources numériques
426,wikipédia,wikipedia,wikipédia,ressources numériques,ressources numériques
427,Google,google,moteur de recherche,ressources en ligne,ressources numériques
429,Wikipedia,wikipedia,wikipédia,ressources numériques,ressources numériques
430,wikipedia ou n'importe quel autre site,wikipedia,wikipédia,ressources numériques,ressources numériques
430,wikipedia ou n'importe quel autre site,autre,autres sites web,ressources en ligne,ressources numériques
431,Wikipedia,wikipedia,wikipédia,ressources numériques,ressources numériques
433,sur wikipédia,wikipedia,wikipédia,ressources numériques,ressources numériques
434,Wikipedia,wikipedia,wikipédia,ressources numériques,ressources numériques
436,Sur Wikipedia où les articles sont plus complets mais moins accessibles et/ou des sites spécialisés,wikipedia,wikipédia,ressources numériques,ressources numériques
437,Wikipedia,wikipedia,wikipédia,ressources numériques,ressources numériques
438,Google,google,moteur de recherche,ressources en ligne,ressources numériques
439,Google,google,moteur de recherche,ressources en ligne,ressources numériques
440,Sur Babelio ou Wikipédia,wikipedia,wikipédia,ressources numériques,ressources numériques
441,Wikipedia,wikipedia,wikipédia,ressources numériques,ressources numériques
442,google,google,moteur de recherche,ressources en ligne,ressources numériques
443,Wikipédia,wikipedia,wikipédia,ressources numériques,ressources numériques
444,Autres sites,autre,autres sites web,ressources en ligne,ressources numériques
445,wikipédia ou internet selon les sujets...,wikipedia,wikipédia,ressources numériques,ressources numériques
445,wikipédia ou internet selon les sujets...,internet,autres sites web,ressources en ligne,ressources numériques
446,Wikipedia,wikipedia,wikipédia,ressources numériques,ressources numériques
447,wikipédia,wikipedia,wikipédia,ressources numériques,ressources numériques
448,Autre site,autre,autres sites web,ressources en ligne,ressources numériques
449,WIKIPEDIA,wikipedia,wikipédia,ressources numériques,ressources numériques
451,Beaucoup wikipédia,wikipedia,wikipédia,ressources numériques,ressources numériques
452,Sur Wikipédia.,wikipedia,wikipédia,ressources numériques,ressources numériques
453,wikipedia,wikipedia,wikipédia,ressources numériques,ressources numériques
454,Sur Wikipédia,wikipedia,wikipédia,ressources numériques,ressources numériques
455,Wikipedia,wikipedia,wikipédia,ressources numériques,ressources numériques
456,Wikipédia,wikipedia,wikipédia,ressources numériques,ressources numériques
458,Wikipédia,wikipedia,wikipédia,ressources numériques,ressources numériques
459,sur Wikipédia,wikipedia,wikipédia,ressources numériques,ressources numériques
460,Wikipédia,wikipedia,wikipédia,ressources numériques,ressources numériques
462,Google,google,moteur de recherche,ressources en ligne,ressources numériques
463,Wikipédia cela peut-être plus complet du coup,wikipedia,wikipédia,ressources numériques,ressources numériques
464,Je navigue sur le net,net,moteur de recherche,ressources en ligne,ressources numériques
466,Wikipedia,wikipedia,wikipédia,ressources numériques,ressources numériques
467,wikipédia,wikipedia,wikipédia,ressources numériques,ressources numériques
468,Wikipedia,wikipedia,wikipédia,ressources numériques,ressources numériques
469,"Wikipedia. Mais si l'article est trop compliqué (beaucoup d'articles utilisent des mots très poussés que la plupart des gens ne comprennent pas, malheureusement) je cherche d'autres sites.",wikipedia,wikipédia,ressources numériques,ressources numériques
469,"Wikipedia. Mais si l'article est trop compliqué (beaucoup d'articles utilisent des mots très poussés que la plupart des gens ne comprennent pas, malheureusement) je cherche d'autres sites.",autre,autres sites web,ressources en ligne,ressources numériques
470,sur wikipédia,wikipedia,wikipédia,ressources numériques,ressources numériques
471,Wikipedia ou wikimini,wikipedia,wikipédia,ressources numériques,ressources numériques
471,Wikipedia ou wikimini,wikimini,wikimini,ressources en ligne,ressources numériques
472,Wikipedia,wikipedia,wikipédia,ressources numériques,ressources numériques
473,Opéra mini,opera mini,moteur de recherche,ressources en ligne,ressources numériques
476,Wikipedia,wikipedia,wikipédia,ressources numériques,ressources numériques
478,sur wikipedia,wikipedia,wikipédia,ressources numériques,ressources numériques
480,Google,google,moteur de recherche,ressources en ligne,ressources numériques
481,wikipedia,wikipedia,wikipédia,ressources numériques,ressources numériques
483,wikipédia,wikipedia,wikipédia,ressources numériques,ressources numériques
485,Wikipedia,wikipedia,wikipédia,ressources numériques,ressources numériques
486,"Je cherche sur """"google"""".",google,moteur de recherche,ressources en ligne,ressources numériques
487,Wikipedia,wikipedia,wikipédia,ressources numériques,ressources numériques
488,Wikipédia,wikipedia,wikipédia,ressources numériques,ressources numériques
489,Wikipedia,wikipedia,wikipédia,ressources numériques,ressources numériques
490,Wikipédia,wikipedia,wikipédia,ressources numériques,ressources numériques
491,wikipedia,wikipedia,wikipédia,ressources numériques,ressources numériques
492,wikipedia,wikipedia,wikipédia,ressources numériques,ressources numériques
493,Wikipédia,wikipedia,wikipédia,ressources numériques,ressources numériques
495,Wikipedia,wikipedia,wikipédia,ressources numériques,ressources numériques
496,Wikipédia,wikipedia,wikipédia,ressources numériques,ressources numériques
500,Wikipédia,wikipedia,wikipédia,ressources numériques,ressources numériques
502,Wikipédia,wikipedia,wikipédia,ressources numériques,ressources numériques
503,sur d'autres sites de documentation,autre,autres sites web,ressources en ligne,ressources numériques
504,Wikipédia,wikipedia,wikipédia,ressources numériques,ressources numériques
505,Google,google,moteur de recherche,ressources en ligne,ressources numériques
506,Wikipédia,wikipedia,wikipédia,ressources numériques,ressources numériques
507,Sur Wikipédia.,wikipedia,wikipédia,ressources numériques,ressources numériques
508,wikipédia,wikipedia,wikipédia,ressources numériques,ressources numériques
509,"Sur,YouTube",youtube,youtube,ressources en ligne,ressources numériques
510,Sur Wikipedia,wikipedia,wikipédia,ressources numériques,ressources numériques
511,Wikipedia ou Larousse encyclopédie,wikipedia,wikipédia,ressources numériques,ressources numériques
511,Wikipedia ou Larousse encyclopédie,larousse,Larousse,,ressources numériques
512,wikipédia,wikipedia,wikipédia,ressources numériques,ressources numériques
513,Wikipédia,wikipedia,wikipédia,ressources numériques,ressources numériques
514,Wikipedia,wikipedia,wikipédia,ressources numériques,ressources numériques
516,wikipédia,wikipedia,wikipédia,ressources numériques,ressources numériques
517,Wikipedia,wikipedia,wikipédia,ressources numériques,ressources numériques
518,Sur d'autres sites,autre,autres sites web,ressources en ligne,ressources numériques
519,Wikipedia,wikipedia,wikipédia,ressources numériques,ressources numériques
520,Wikipédia,wikipedia,wikipédia,ressources numériques,ressources numériques
521,Wikipédia,wikipedia,wikipédia,ressources numériques,ressources numériques
522,Wikipédia,wikipedia,wikipédia,ressources numériques,ressources numériques
523,Wikipedia ou Google,wikipedia,wikipédia,ressources numériques,ressources numériques
523,Wikipedia ou Google,google,moteur de recherche,ressources en ligne,ressources numériques
525,Wikipedia,wikipedia,wikipédia,ressources numériques,ressources numériques
526,"Lorsque que je ne trouve pas certaines informations, je vais sur GOOGLE",google,moteur de recherche,ressources en ligne,ressources numériques
527,Sur d'autre site ou sur Wikipedia,autre,autres sites web,ressources en ligne,ressources numériques
527,Sur d'autre site ou sur Wikipedia,wikipedia,wikipédia,ressources numériques,ressources numériques
528,WIKIPEDIA,wikipedia,wikipédia,ressources numériques,ressources numériques
529,Wikipedia,wikipedia,wikipédia,ressources numériques,ressources numériques
530,Google,google,moteur de recherche,ressources en ligne,ressources numériques
531,Sur dautres sites Internet qui sont en haut de la recherche,internet,moteur de recherche,ressources en ligne,ressources numériques
532,Internet,internet,autres sites web,ressources en ligne,ressources numériques
533,Wikipédia,wikipedia,wikipédia,ressources numériques,ressources numériques
534,"wikipedia, puis sur internet via les moteurs de recherche",wikipedia,wikipédia,ressources numériques,ressources numériques
534,"wikipedia, puis sur internet via les moteurs de recherche",internet,moteur de recherche,ressources en ligne,ressources numériques
535,Wikipedia et autres,wikipedia,wikipédia,ressources numériques,ressources numériques
535,Wikipedia et autres,autre,autres sites web,ressources en ligne,ressources numériques
536,wikipedia,wikipedia,wikipédia,ressources numériques,ressources numériques
537,Google,google,moteur de recherche,ressources en ligne,ressources numériques
538,wikipedia,wikipedia,wikipédia,ressources numériques,ressources numériques
539,moteur de recherche,moteur de recherche,moteur de recherche,ressources en ligne,ressources numériques
540,Wikipedia,wikipedia,wikipédia,ressources numériques,ressources numériques
541,Wikipedia,wikipedia,wikipédia,ressources numériques,ressources numériques
542,Wikipédia,wikipedia,wikipédia,ressources numériques,ressources numériques
543,wikipedia,wikipedia,wikipédia,ressources numériques,ressources numériques
544,google,google,moteur de recherche,ressources en ligne,ressources numériques
545,wikipédia,wikipedia,wikipédia,ressources numériques,ressources numériques
547,Wikipedia,wikipedia,wikipédia,ressources numériques,ressources numériques
548,Wikipédia,wikipedia,wikipédia,ressources numériques,ressources numériques
549,Wikipédia,wikipedia,wikipédia,ressources numériques,ressources numériques
550,wikipedia,wikipedia,wikipédia,ressources numériques,ressources numériques
551,Wikipedia,wikipedia,wikipédia,ressources numériques,ressources numériques
552,wikipedia,wikipedia,wikipédia,ressources numériques,ressources numériques
553,Wikipedia,wikipedia,wikipédia,ressources numériques,ressources numériques
554,wikipédia,wikipedia,wikipédia,ressources numériques,ressources numériques
555,Sur Wikipédia,wikipedia,wikipédia,ressources numériques,ressources numériques
556,wikipédia ou autres sites au hasard,wikipedia,wikipédia,ressources numériques,ressources numériques
556,wikipédia ou autres sites au hasard,autre,autres sites web,ressources en ligne,ressources numériques
557,Wikipedia,wikipedia,wikipédia,ressources numériques,ressources numériques
558,Universalis ou Wikipédia,universalis,universalis,,ressources numériques
558,Universalis ou Wikipédia,wikipedia,wikipédia,ressources numériques,ressources numériques
559,wikipédia,wikipedia,wikipédia,ressources numériques,ressources numériques
560,"Recherche Google, Wikipedia, Futura sciences....",google,moteur de recherche,ressources en ligne,ressources numériques
560,"Recherche Google, Wikipedia, Futura sciences....",wikipedia,wikipédia,ressources numériques,ressources numériques
560,"Recherche Google, Wikipedia, Futura sciences....",Futura sciences,Futura sciences,ressources en ligne,ressources numériques
561,Wikipédia,wikipedia,wikipédia,ressources numériques,ressources numériques
562,Sur Google,google,moteur de recherche,ressources en ligne,ressources numériques
563,sur wikipédia,wikipedia,wikipédia,ressources numériques,ressources numériques
564,"Wikipédia, parfois des articles sur l’histoire dans le monde, Le Figaro, des sites comme Lumni ou autre",wikipedia,wikipédia,ressources numériques,ressources numériques
564,"Wikipédia, parfois des articles sur l’histoire dans le monde, Le Figaro, des sites comme Lumni ou autre",autre,autres sites web,ressources en ligne,ressources numériques
564,"Wikipédia, parfois des articles sur l’histoire dans le monde, Le Figaro, des sites comme Lumni ou autre",Le Figaro,presse,,ressources numériques
564,"Wikipédia, parfois des articles sur l’histoire dans le monde, Le Figaro, des sites comme Lumni ou autre",Le Monde,presse,,ressources numériques
564,"Wikipédia, parfois des articles sur l’histoire dans le monde, Le Figaro, des sites comme Lumni ou autre",Lumni,Lumni,ressources en ligne,ressources numériques
565,Internet (moteur de recherche),internet,autres sites web,ressources en ligne,ressources numériques
565,Internet (moteur de recherche),moteur de recherche,moteur de recherche,ressources en ligne,ressources numériques
566,wikipedia,wikipedia,wikipédia,ressources numériques,ressources numériques
567,Wikipedia,wikipedia,wikipédia,ressources numériques,ressources numériques
569,Wikipedia,wikipedia,wikipédia,ressources numériques,ressources numériques
570,Wikipédia ou d'autres sites,wikipedia,wikipédia,ressources numériques,ressources numériques
570,Wikipédia ou d'autres sites,autre,autres sites web,ressources en ligne,ressources numériques
571,livres,livres,livres,ressources papier,ressources physiques
574,Wikipédia,wikipedia,wikipédia,ressources numériques,ressources numériques
575,Wikipédia,wikipedia,wikipédia,ressources numériques,ressources numériques
576,google,google,moteur de recherche,ressources en ligne,ressources numériques
577,wikipedia,wikipedia,wikipédia,ressources numériques,ressources numériques
578,wikipédia,wikipedia,wikipédia,ressources numériques,ressources numériques
579,Wikipédia,wikipedia,wikipédia,ressources numériques,ressources numériques
580,Wikipedia,wikipedia,wikipédia,ressources numériques,ressources numériques
581,wikipedia,wikipedia,wikipédia,ressources numériques,ressources numériques
584,Wikipédia,wikipedia,wikipédia,ressources numériques,ressources numériques
585,Wikipedia,wikipedia,wikipédia,ressources numériques,ressources numériques
586,universalis junior,universalis,universalis,ressources en ligne,ressources numériques
588,Google,google,moteur de recherche,ressources en ligne,ressources numériques
589,Wikipedia,wikipedia,wikipédia,ressources numériques,ressources numériques
590,Les sources de Wikipedia,wikipedia,wikipédia,ressources numériques,ressources numériques
591,Wikipédia,wikipedia,wikipédia,ressources numériques,ressources numériques
592,Wikipedia,wikipedia,wikipédia,ressources numériques,ressources numériques
595,livres de maths ou livres informatiques,livres,livres,ressources papier,ressources physiques
596,WIKIPEDIA,wikipedia,wikipédia,ressources numériques,ressources numériques
597,google,google,moteur de recherche,ressources en ligne,ressources numériques
598,google,google,moteur de recherche,ressources en ligne,ressources numériques
599,Autre,autre,autres sites web,ressources en ligne,ressources numériques
600,google,google,moteur de recherche,ressources en ligne,ressources numériques
601,"Wikipédia, google",wikipedia,wikipédia,ressources numériques,ressources numériques
601,"Wikipédia, google",google,moteur de recherche,ressources en ligne,ressources numériques
602,surgoogle,google,moteur de recherche,ressources en ligne,ressources numériques
603,autre site,autre,autres sites web,ressources en ligne,ressources numériques
604,Fandom,fandom,fandom,ressources en ligne,ressources numériques
606,Je cherche d'autres sites mais vikidia est très utile,autre,autres sites web,ressources en ligne,ressources numériques
607,wikipedia,wikipedia,wikipédia,ressources numériques,ressources numériques
608,sur des sites divers sur internet,internet,autres sites web,ressources en ligne,ressources numériques
609,Wikipedia,wikipedia,wikipédia,ressources numériques,ressources numériques
610,google,google,moteur de recherche,ressources en ligne,ressources numériques
611,Sur universalis ou cairn,universalis,universalis,ressources en ligne,ressources numériques
611,Sur universalis ou cairn,universalis,cairn,ressources en ligne,ressources numériques
612,Wikipedia,wikipedia,wikipédia,ressources numériques,ressources numériques
615,Wikipedia,wikipedia,wikipédia,ressources numériques,ressources numériques
616,Sur Wikimini mais c’est rare.,wikimini,wikimini,ressources en ligne,ressources numériques
617,sur wikipedia,wikipedia,wikipédia,ressources numériques,ressources numériques
618,sur wikipedia,wikipedia,wikipédia,ressources numériques,ressources numériques
619,Wikipédia,wikipedia,wikipédia,ressources numériques,ressources numériques
620,Wikipédia,wikipedia,wikipédia,ressources numériques,ressources numériques
621,Google,google,moteur de recherche,ressources en ligne,ressources numériques
622,Wikipedia,wikipedia,wikipédia,ressources numériques,ressources numériques
623,Wikipédia,wikipedia,wikipédia,ressources numériques,ressources numériques
624,Wikipédia,wikipedia,wikipédia,ressources numériques,ressources numériques
625,Wikipedia,wikipedia,wikipédia,ressources numériques,ressources numériques
627,Wikipedia,wikipedia,wikipédia,ressources numériques,ressources numériques
628,Wikipédia,wikipedia,wikipédia,ressources numériques,ressources numériques
630,Wikipedia,wikipedia,wikipédia,ressources numériques,ressources numériques
632,google,google,moteur de recherche,ressources en ligne,ressources numériques
633,Wikipédia,wikipedia,wikipédia,ressources numériques,ressources numériques
634,un site que le moteur de recherche me propose,moteur de recherche,moteur de recherche,ressources en ligne,ressources numériques
635,Wikipedia,wikipedia,wikipédia,ressources numériques,ressources numériques
636,Wikipédia,wikipedia,wikipédia,ressources numériques,ressources numériques
637,Wikipédia,wikipedia,wikipédia,ressources numériques,ressources numériques
638,Internet,internet,autres sites web,ressources en ligne,ressources numériques
639,bibliothèque,bibliotheque,livres,ressources papier,ressources physiques
640,Wikipédia,wikipedia,wikipédia,ressources numériques,ressources numériques
641,Sur d'autres sites,autre,autres sites web,ressources en ligne,ressources numériques
643,Wikipedia,wikipedia,wikipédia,ressources numériques,ressources numériques
645,"Manuels scolaires en ligne, wikipédia, sites dédiés au sujet",wikipedia,wikipédia,ressources numériques,ressources numériques
647,Wikipedia,wikipedia,wikipédia,ressources numériques,ressources numériques
648,Wikipédia ou autres sites au hasard,wikipedia,wikipédia,ressources numériques,ressources numériques
648,Wikipédia ou autres sites au hasard,autre,autres sites web,ressources en ligne,ressources numériques
651,Wikipédia,wikipedia,wikipédia,ressources numériques,ressources numériques
652,Sur Wikipedia,wikipedia,wikipédia,ressources numériques,ressources numériques
653,Des autres sites,autre,autres sites web,ressources en ligne,ressources numériques
655,Wikipedia ou sur un autre site,wikipedia,wikipédia,ressources numériques,ressources numériques
655,Wikipedia ou sur un autre site,autre,autres sites web,ressources en ligne,ressources numériques
656,Sur d’autres sites,autre,autres sites web,ressources en ligne,ressources numériques
658,Wikipedia,wikipedia,wikipédia,ressources numériques,ressources numériques
659,google,google,moteur de recherche,ressources en ligne,ressources numériques
660,Wikipédia,wikipedia,wikipédia,ressources numériques,ressources numériques
661,Google,google,moteur de recherche,ressources en ligne,ressources numériques
665,Google,google,moteur de recherche,ressources en ligne,ressources numériques
666,wikipedia,wikipedia,wikipédia,ressources numériques,ressources numériques
667,google,google,moteur de recherche,ressources en ligne,ressources numériques
668,Sur Wikipedia ;),wikipedia,wikipédia,ressources numériques,ressources numériques
669,wikipédia,wikipedia,wikipédia,ressources numériques,ressources numériques
671,Sur les pages que Google m'indique,google,moteur de recherche,ressources en ligne,ressources numériques
672,Wikipedia ou Google,wikipedia,wikipédia,ressources numériques,ressources numériques
672,Wikipedia ou Google,google,moteur de recherche,ressources en ligne,ressources numériques
673,Wikipedia,wikipedia,wikipédia,ressources numériques,ressources numériques
674,sur wikipedia,wikipedia,wikipédia,ressources numériques,ressources numériques
675,Wikipedia,wikipedia,wikipédia,ressources numériques,ressources numériques
676,Je vais seulement sur Wikipédia.,wikipedia,wikipédia,ressources numériques,ressources numériques
678,WIKIPEDIA,wikipedia,wikipédia,ressources numériques,ressources numériques
679,wikipedia,wikipedia,wikipédia,ressources numériques,ressources numériques
680,Wikipédia,wikipedia,wikipédia,ressources numériques,ressources numériques
681,Sur d'autres pages internet,autre,autres sites web,ressources en ligne,ressources numériques
682,Internet,internet,autres sites web,ressources en ligne,ressources numériques
683,"autres sites de vulgarisation pour enfant : documentaire c'est pas sorcier, articles de presse pour enfant...",autre,autres sites web,ressources en ligne,ressources numériques
684,Wikipédia puis des sites plus fiables pour vérifier mes données.,wikipedia,wikipédia,ressources numériques,ressources numériques
685,Wikipedia,wikipedia,wikipédia,ressources numériques,ressources numériques
687,wikipedia,wikipedia,wikipédia,ressources numériques,ressources numériques
688,Wikipédia,wikipedia,wikipédia,ressources numériques,ressources numériques
689,Wikipédia,wikipedia,wikipédia,ressources numériques,ressources numériques
692,Wikipédia,wikipedia,wikipédia,ressources numériques,ressources numériques
693,wikipedia,wikipedia,wikipédia,ressources numériques,ressources numériques
694,Wikipédia,wikipedia,wikipédia,ressources numériques,ressources numériques
695,Wikipédia,wikipedia,wikipédia,ressources numériques,ressources numériques
696,sur wikipédia,wikipedia,wikipédia,ressources numériques,ressources numériques
697,dans des livres,livres,livres,ressources papier,ressources physiques
698,wikipédia,wikipedia,wikipédia,ressources numériques,ressources numériques
700,Sur Google,google,moteur de recherche,ressources en ligne,ressources numériques
701,Wikipedia,wikipedia,wikipédia,ressources numériques,ressources numériques
703,wikipédia,wikipedia,wikipédia,ressources numériques,ressources numériques
704,Sur wikipédia,wikipedia,wikipédia,ressources numériques,ressources numériques
705,Wikipedia,wikipedia,wikipédia,ressources numériques,ressources numériques
706,D'autres sites,autre,autres sites web,ressources en ligne,ressources numériques
707,Wikipédia,wikipedia,wikipédia,ressources numériques,ressources numériques
708,"Vidmate, youtube",youtube,youtube,ressources en ligne,ressources numériques
709,Wikipédia,wikipedia,wikipédia,ressources numériques,ressources numériques
710,Sur Wikipedia,wikipedia,wikipédia,ressources numériques,ressources numériques
711,dans des livres ou magazines,livres,livres,ressources papier,ressources physiques
712,Wikipedia,wikipedia,wikipédia,ressources numériques,ressources numériques
713,Sur Wikipédia où je contribue assez souvent.,wikipedia,wikipédia,ressources numériques,ressources numériques
714,sur wikipédia,wikipedia,wikipédia,ressources numériques,ressources numériques
716,wikipedia,wikipedia,wikipédia,ressources numériques,ressources numériques
717,Wikipedia,wikipedia,wikipédia,ressources numériques,ressources numériques
718,Google scholar,google,moteur de recherche,ressources en ligne,ressources numériques
719,Wikipedia,wikipedia,wikipédia,ressources numériques,ressources numériques
720,Wikipédia,wikipedia,wikipédia,ressources numériques,ressources numériques
721,wikipédia,wikipedia,wikipédia,ressources numériques,ressources numériques
722,GOOGLE,google,moteur de recherche,ressources en ligne,ressources numériques
723,sur wikipédia ou n autre site selon ce que je trouve,wikipedia,wikipédia,ressources numériques,ressources numériques
723,sur wikipédia ou n autre site selon ce que je trouve,autre,autres sites web,ressources en ligne,ressources numériques
724,wikipedia,wikipedia,wikipédia,ressources numériques,ressources numériques
725,Je vais presque sans réfléchir sur Wikipédia.,wikipedia,wikipédia,ressources numériques,ressources numériques
726,Wikipédia,wikipedia,wikipédia,ressources numériques,ressources numériques
727,Wikipedia,wikipedia,wikipédia,ressources numériques,ressources numériques
728,Autres sites,autre,autres sites web,ressources en ligne,ressources numériques
729,Wikipédia ou autre,wikipedia,wikipédia,ressources numériques,ressources numériques
729,Wikipédia ou autre,autre,autres sites web,ressources en ligne,ressources numériques
730,"Wikipédia, sites fiables",wikipedia,wikipédia,ressources numériques,ressources numériques
731,Wikipédia,wikipedia,wikipédia,ressources numériques,ressources numériques
733,Wikipedia,wikipedia,wikipédia,ressources numériques,ressources numériques
735,internet,internet,autres sites web,ressources en ligne,ressources numériques
736,"Je ne vais pas par priorité sur Wikidia, je vais sur Google et ensuite je sélectionne les sites et liens",google,moteur de recherche,ressources en ligne,ressources numériques
737,Wikipedia,wikipedia,wikipédia,ressources numériques,ressources numériques
738,Wikipédia,wikipedia,wikipédia,ressources numériques,ressources numériques
739,Wikipedia ou d'autres sites qui apparaissent sur la page de recherche google,wikipedia,wikipédia,ressources numériques,ressources numériques
739,Wikipedia ou d'autres sites qui apparaissent sur la page de recherche google,google,moteur de recherche,ressources en ligne,ressources numériques
740,Sur Google,google,moteur de recherche,ressources en ligne,ressources numériques
741,Wikipedia ou autre site,wikipedia,wikipédia,ressources numériques,ressources numériques
741,Wikipedia ou autre site,autre,autres sites web,ressources en ligne,ressources numériques
743,sur Wikipédia,wikipedia,wikipédia,ressources numériques,ressources numériques
744,je vais sur Wikipédia,wikipedia,wikipédia,ressources numériques,ressources numériques
745,sur d'autres sites web,autre,autres sites web,ressources en ligne,ressources numériques
746,wikipedia,wikipedia,wikipédia,ressources numériques,ressources numériques
747,Wikipedia,wikipedia,wikipédia,ressources numériques,ressources numériques
748,Wikipedia,wikipedia,wikipédia,ressources numériques,ressources numériques
749,Wikipedia,wikipedia,wikipédia,ressources numériques,ressources numériques
750,wikipédia,wikipedia,wikipédia,ressources numériques,ressources numériques
751,Wikipedia,wikipedia,wikipédia,ressources numériques,ressources numériques
752,autre,autre,autres sites web,ressources en ligne,ressources numériques
753,Wikipedia,wikipedia,wikipédia,ressources numériques,ressources numériques
754,Wikipedia,wikipedia,wikipédia,ressources numériques,ressources numériques
755,wikipedia,wikipedia,wikipédia,ressources numériques,ressources numériques
756,Wikipedia,wikipedia,wikipédia,ressources numériques,ressources numériques
757,wikipedia,wikipedia,wikipédia,ressources numériques,ressources numériques
759,Sur google,google,moteur de recherche,ressources en ligne,ressources numériques
760,Wikipedia,wikipedia,wikipédia,ressources numériques,ressources numériques
761,Wikipedia,wikipedia,wikipédia,ressources numériques,ressources numériques
762,Google ou Wikipédia,google,moteur de recherche,ressources en ligne,ressources numériques
762,Google ou Wikipédia,wikipedia,wikipédia,ressources numériques,ressources numériques
763,Wikipedia,wikipedia,wikipédia,ressources numériques,ressources numériques
765,sir wikipédia,wikipedia,wikipédia,ressources numériques,ressources numériques
766,"Google, Wikipédia",google,moteur de recherche,ressources en ligne,ressources numériques
766,"Google, Wikipédia",wikipedia,wikipédia,ressources numériques,ressources numériques
767,Wikipedia,wikipedia,wikipédia,ressources numériques,ressources numériques
768,Google ou Wikipedia,google,moteur de recherche,ressources en ligne,ressources numériques
768,Google ou Wikipedia,wikipedia,wikipédia,ressources numériques,ressources numériques
769,d’autre sites,autre,autres sites web,ressources en ligne,ressources numériques
770,Dans mon dico ou sur google ou sur wiki,dictionnaire,dictionnaire ou encyclopédie,ressources papier,ressources physiques
770,Dans mon dico ou sur google ou sur wiki,google,moteur de recherche,ressources en ligne,ressources numériques
770,Dans mon dico ou sur google ou sur wiki,wiki,wiki,ressources en ligne,ressources numériques
771,wikipédia ou d'autre site.,wikipedia,wikipédia,ressources numériques,ressources numériques
771,wikipédia ou d'autre site.,autre,autres sites web,ressources en ligne,ressources numériques
772,Wikipedia,wikipedia,wikipédia,ressources numériques,ressources numériques
773,wikipedia,wikipedia,wikipédia,ressources numériques,ressources numériques
774,Sur d'autres sites,autre,autres sites web,ressources en ligne,ressources numériques
775,Wikipedia,wikipedia,wikipédia,ressources numériques,ressources numériques
776,Wikipedia,wikipedia,wikipédia,ressources numériques,ressources numériques
777,Wikipédia,wikipedia,wikipédia,ressources numériques,ressources numériques
778,sur wikipédia,wikipedia,wikipédia,ressources numériques,ressources numériques
779,wikimédia ou wikimini,wikimini,wikimini,ressources en ligne,ressources numériques
779,wikimédia ou wikimini,wikimédia,wikimédia,ressources en ligne,ressources numériques
781,Wikipedia,wikipedia,wikipédia,ressources numériques,ressources numériques
782,Wikipédia,wikipedia,wikipédia,ressources numériques,ressources numériques
783,sur wikipédia,wikipedia,wikipédia,ressources numériques,ressources numériques
784,wikipedia,wikipedia,wikipédia,ressources numériques,ressources numériques
785,Wikipedia,wikipedia,wikipédia,ressources numériques,ressources numériques
786,"sur wikipedia ou cnrtl ou """"au petit bonheur"""" sur le net",wikipedia,wikipédia,ressources numériques,ressources numériques
786,"sur wikipedia ou cnrtl ou """"au petit bonheur"""" sur le net",CNRTL,CNRTL,ressources en ligne,ressources numériques
786,"sur wikipedia ou cnrtl ou """"au petit bonheur"""" sur le net",net,autres sites web,ressources en ligne,ressources numériques
787,Wikipédia,wikipedia,wikipédia,ressources numériques,ressources numériques
788,wikipedia,wikipedia,wikipédia,ressources numériques,ressources numériques
789,Wikipedia,wikipedia,wikipédia,ressources numériques,ressources numériques
790,Sur wikipédia ou sur d'autre site internet,wikipedia,wikipédia,ressources numériques,ressources numériques
790,Sur wikipédia ou sur d'autre site internet,autre,autres sites web,ressources en ligne,ressources numériques
791,Wikipedia,wikipedia,wikipédia,ressources numériques,ressources numériques
792,wikipedia,wikipedia,wikipédia,ressources numériques,ressources numériques
793,bah sur wikipédia connard,wikipedia,wikipédia,ressources numériques,ressources numériques
794,Google,google,moteur de recherche,ressources en ligne,ressources numériques
795,wikipedia,wikipedia,wikipédia,ressources numériques,ressources numériques
796,internet,internet,autres sites web,ressources en ligne,ressources numériques
797,wikipédia,wikipedia,wikipédia,ressources numériques,ressources numériques
798,Wikipédia,wikipedia,wikipédia,ressources numériques,ressources numériques
799,Wikipedia,wikipedia,wikipédia,ressources numériques,ressources numériques
6,"Nul part, car je trouve souvent les informations que je veux sur Vikidia",,indéfini,,
17,Je n’y vais pas pour lire des articles,,indéfini,,
33,WP,,wikipédia,,ressources numériques
43,je ne ve pas le dire,,indéfini,,
53,chez savant  Cogitus,,Savant Cogitus,,ressources numériques
56,nulle part,,indéfini,,
58,Khan academy,,Khan Academy,,ressources numériques
59,7,,indéfini,,
63,"ça ne m'est jamais arrivé,ce site super a toujours les réponses à mes questions.",,indéfini,,
65,Je ne sais pas,,indéfini,,
69,divers sites,,autres sites web,,ressources numériques
71,A l'interieur,,indéfini,,
85,Je viens d'arriver sur la page,,indéfini,,
118,Revues spécialisées,,livres,,ressources physiques
120,wiki,,wiki,,ressources numériques
127,Je trouve toujours satisfaction.,,indéfini,,
131,Web,,autres sites web,,ressources numériques
132,Je fouine un peu partout pour trouver ce que je cherche.  Je ne me contente pas d'une seule source,,indéfini,,
134,Sur mes dm (Devoir Maison)😅,,matériel scolaire,,ressources physiques
139,Dans la fougère,,indéfini,,
143,"J’explore les divers propositions , pas de sites particulier",,autres sites web,,ressources numériques
147,qwand junior,,moteur de recherche,,ressources numériques
148,W,,wikipédia,,ressources numériques
155,Ailleurs,,indéfini,,
157,Wilnikis,,indéfini,,
169,jkdqjzeajfzjjgjore,,indéfini,,
172,v,,indéfini,,
173,sur le sites meme,,indéfini,,
175,Vers mes parents,,indéfini,,
177,Cela ne s'est jamais déroulé.,,indéfini,,
184,Wiquipédia,,wikipédia,,ressources numériques
188,xfile,,indéfini,,
193,"je resterai ici même,je ne sais où aller.",,indéfini,,
194,Je n'ai pas de priorité,,indéfini,,
200,N'importe,,indéfini,,
203,sur wiipédia,,wikipédia,,ressources numériques
207,Je cherche des sites qui connaissent bien le sujet que je veux approfondir !,,autres sites web,,ressources numériques
209,Nulle part,,indéfini,,
212,Des sites spécialisés selon les sujets,,autres sites web,,ressources numériques
234,wiki,,wiki,,ressources numériques
235,Je vais sur des journaux de confiance comme Le Monde par exemple.,,presse,,ressources numériques
243,Des sites officiels de préférence,,autres sites web,,ressources numériques
244,partout,,indéfini,,
251,Ailleurs,,indéfini,,
260,France Culture,,France Culture,,ressources numériques
269,T,,indéfini,,
270,Hdlhdkdhdkd,,indéfini,,
285,au hasard,,indéfini,,
293,"Demander à mes copains copines hein, leurs mots sont plus simples",,amis,,ressources humaines
296,A mes parents,,parents,,ressources humaines
306,amazon,,Amazon,,ressources numériques
317,"coucou"""" OR 1=1;#",,indéfini,,
319,Aucun site en particulier. J’en prend plusieurs pour avoir plusieurs sources d’informations.,,autres sites web,,ressources numériques
329,gogle,,moteur de recherche,,ressources numériques
332,Dans ma douche pour pleurer,,indéfini,,
337,wiki,,wiki,,ressources numériques
340,m,,indéfini,,
360,Ailleurs,,indéfini,,
363,Wikidédia ou lumni,,wikipédia,,ressources numériques
363,Wikidédia ou lumni,,Lumni,,ressources numériques
364,s,,indéfini,,
365,Sur des sites lambda,,autres sites web,,ressources numériques
369,? ??,,indéfini,,
374,sur des sites dédiés à mon domaine de recherche,,autres sites web,,ressources numériques
379,vikipedia,,wikipédia,,ressources numériques
380,nul part,,indéfini,,
381,"J’ai oublié le nom, désolé",,indéfini,,
387,siri,,moteur de recherche,,ressources numériques
393,je ne sais pas,,indéfini,,
395,Je n’ai jamais eu besoin d’aller sur des pages d’aide. J’ai toujours tout trouvé.,,indéfini,,
398,je trouve tous sur  Vikidia,,indéfini,,
399,/,,indéfini,,
409,Sur les sites international sur le sujet en question (ONS ect,,autres sites web,,ressources numériques
420,au sujet de mes recherche,,indéfini,,
428,Je demande des informations à mes proches,,proches,,ressources humaines
432,qdfvqd,,indéfini,,
435,pas là,,indéfini,,
450,wiki,,wikipédia,,ressources numériques
457,jkfyjfjfchfgc,,indéfini,,
465,ikipiidia,,indéfini,,
477,ici,,indéfini,,
482,n'importe où il y a les informations que je recherche,,indéfini,,
484,chez ma mère,,parents,,ressources humaines
494,je compile plusieurs sources d'information.,,indéfini,,
497,"hérodote, arte",,Hérodote,,ressources numériques
497,"hérodote, arte",,Arte,,ressources numériques
498,bonsoir,,indéfini,,
499,"gkr,",,indéfini,,
501,Rien,,indéfini,,
515,sur les sources,,autres sites web,,ressources numériques
524,dans ton cou,,indéfini,,
546,Sur le site d'après,,,,ressources numériques
568,Dans mon cerveau,,indéfini,,
572,Nul part,,indéfini,,
573,Chez mamie,,mamie,,ressources humaines
582,Dans la salle à manger.,,indéfini,,
583,t,,indéfini,,
587,Sur le site suivant,,moteur de recherche,,ressources numériques
593,chez ma grosse daronne,,parents,,ressources humaines
605,Wiki,,wiki,,ressources numériques
613,fortnite,,fortnite,,ressources numériques
614,fjkghfyudhrg,,indéfini,,
626,ailleurs,,indéfini,,
629,Sur Vikidia,,indéfini,,
631,partout,,indéfini,,
642,Web,,autres sites web,,ressources numériques
644,N’impo où,,indéfini,,
646,n'importe ou,,indéfini,,
650,C'est la première fois que je vais sur vikidia,,indéfini,,
654,Site spécialisé sur le sujet,,autres sites web,,ressources numériques
657,h(((,,indéfini,,
662,Gallica,,Gallica,,ressources numériques
663,wikepedia,,wikipédia,,ressources numériques
664,la ou je trouve l'info désirer,,indéfini,,
670,ailleurs,,indéfini,,
677,uihho*lmjopnkoô,,indéfini,,
686,J essaye de comprendre,,indéfini,,
690,N'importe où.,,indéfini,,
691,pour le moment pas eu ce probleme,,indéfini,,
699,au début de l'article,,indéfini,,
715,JSP,,indéfini,,
732,heeeuuu...j'en trouve toujours!,,indéfini,,
734,/,,indéfini,,
742,baidu,,indéfini,,
764,0,,indéfini,,
780,knf,,indéfini,,